{
  "project_info": {
    "project_number": "715708587049",
    "project_id": "image-steganography-4cb42",
    "storage_bucket": "image-steganography-4cb42.appspot.com"
  },
  "client": [
    {
      "client_info": {
        "mobilesdk_app_id": "1:715708587049:android:f8f1e5c74303452d01d038",
        "android_client_info": {
          "package_name": "com.example.imagesteganography"
        }
      },
      "oauth_client": [
        {
          "client_id": "715708587049-vnaonf54qmlcbrqbrkunca98uhrhr7ga.apps.googleusercontent.com",
          "client_type": 3
        }
      ],
      "api_key": [
        {
          "current_key": "AIzaSyAP6NTgMypTXw_oGwMzUVVpN2xk0dPYexs"
        }
      ],
      "services": {
        "appinvite_service": {
          "other_platform_oauth_client": [
            {
              "client_id": "715708587049-vnaonf54qmlcbrqbrkunca98uhrhr7ga.apps.googleusercontent.com",
              "client_type": 3
            }
          ]
        }
      }
    }
  ],
  "configuration_version": "1"
}